l,a,s,t,_,r,e,a,d,i,n,g
l,a,s,t,_,r,e,a,d,i,n,g
Mon Sep  3 17:23:25 2018,5
Mon Sep  3 17:23:32 2018,6
Mon Sep  3 17:24:00 2018,5
Mon Sep  3 17:24:02 2018,6
Mon Sep  3 17:24:57 2018,12
Mon Sep  3 17:25:06 2018,12
Mon Sep  3 17:25:11 2018,13
Mon Sep  3 17:25:12 2018,14
Mon Sep  3 17:25:13 2018,15
Mon Sep  3 17:25:14 2018,16
Mon Sep  3 17:25:15 2018,17
Mon Sep  3 17:25:16 2018,18
Mon Sep  3 17:25:17 2018,19
Mon Sep  3 17:25:17 2018,20
Mon Sep  3 17:25:18 2018,21
Mon Sep  3 17:25:18 2018,22
Mon Sep  3 17:25:19 2018,23
